{
  "precision": 86.95652173913044,
  "recall": 86.95652173913044,
  "f1": 86.95652173913044,
  "auroc": 93.59903381642512
}