{
  "precision": 88.0,
  "recall": 95.65217391304348,
  "f1": 91.66666666666666,
  "auroc": 95.77294685990339,
  "source": "metrics_json"
}