{
  "fold_tag": "fold9",
  "kfold10": {
    "PatchCore": {
      "precision": {
        "mean": 83.1325713502184,
        "std": 8.062334194000586
      },
      "recall": {
        "mean": 93.96739130434783,
        "std": 4.829894970206955
      },
      "f1": {
        "mean": 87.94198061086045,
        "std": 5.289661604840331
      },
      "auroc": {
        "mean": 93.69030365769495,
        "std": 3.7581521499031276
      }
    },
    "DifferNet": {
      "precision": {
        "mean": 82.13650040059335,
        "std": 5.565994678803298
      },
      "recall": {
        "mean": 91.84782608695653,
        "std": 4.8046538473372475
      },
      "f1": {
        "mean": 86.46286249707165,
        "std": 2.453109928635306
      },
      "auroc": {
        "mean": 93.18995859213251,
        "std": 2.9011133929685076
      }
    },
    "ConvNeXt-B": {
      "precision": {
        "mean": 97.26793594360352,
        "std": 2.0191550514872043
      },
      "recall": {
        "mean": 97.22541427612305,
        "std": 2.5242572996517416
      },
      "f1": {
        "mean": 97.24176025390625,
        "std": 2.1898627309530743
      },
      "auroc": {
        "mean": 99.73636991028295,
        "std": 0.3502039776279724
      }
    },
    "ViT-B": {
      "precision": {
        "mean": 99.24819793701172,
        "std": 0.9409918765026186
      },
      "recall": {
        "mean": 99.36197357177734,
        "std": 0.8095656463861879
      },
      "f1": {
        "mean": 99.3045867919922,
        "std": 0.8517752626983354
      },
      "auroc": {
        "mean": 100.0,
        "std": 0.0
      }
    },
    "Ours (ConvNeXt-B + CLAdapter)": {
      "precision": {
        "mean": 99.86486511230468,
        "std": 0.40540466308593753
      },
      "recall": {
        "mean": 99.78260879516601,
        "std": 0.6521736145019532
      },
      "f1": {
        "mean": 99.82356491088868,
        "std": 0.5293052673339844
      },
      "auroc": {
        "mean": 100.0,
        "std": 0.0
      }
    },
    "Ours (ViT-B + CLAdapter)": {
      "precision": {
        "mean": 100.0,
        "std": 0.0
      },
      "recall": {
        "mean": 100.0,
        "std": 0.0
      },
      "f1": {
        "mean": 100.0,
        "std": 0.0
      },
      "auroc": {
        "mean": 100.0,
        "std": 0.0
      }
    }
  }
}