{
  "fold_tag": "fold9",
  "kfold10": {
    "PatchCore": {
      "precision": {
        "mean": 83.1325713502184,
        "std": 8.062334194000586
      },
      "recall": {
        "mean": 93.96739130434783,
        "std": 4.829894970206955
      },
      "f1": {
        "mean": 87.94198061086045,
        "std": 5.289661604840331
      },
      "auroc": {
        "mean": 93.69030365769495,
        "std": 3.7581521499031276
      }
    },
    "DifferNet": {
      "precision": {
        "mean": 82.13650040059335,
        "std": 5.565994678803298
      },
      "recall": {
        "mean": 91.84782608695653,
        "std": 4.8046538473372475
      },
      "f1": {
        "mean": 86.46286249707165,
        "std": 2.453109928635306
      },
      "auroc": {
        "mean": 93.18995859213251,
        "std": 2.9011133929685076
      }
    },
    "ConvNeXt-B": {
      "precision": {
        "mean": 9726.793594360352,
        "std": 201.91550514872043
      },
      "recall": {
        "mean": 9722.541427612305,
        "std": 252.42572996517416
      },
      "f1": {
        "mean": 9724.176025390625,
        "std": 218.9862730953074
      },
      "auroc": {
        "mean": 99.73636991028295,
        "std": 0.3502039776279724
      }
    },
    "ViT-B": {
      "precision": {
        "mean": 9924.819793701172,
        "std": 94.09918765026185
      },
      "recall": {
        "mean": 9936.197357177734,
        "std": 80.95656463861879
      },
      "f1": {
        "mean": 9930.458679199219,
        "std": 85.17752626983354
      },
      "auroc": {
        "mean": 100.0,
        "std": 0.0
      }
    },
    "Ours (ConvNeXt-B + CLAdapter)": {
      "precision": {
        "mean": 9986.486511230469,
        "std": 40.54046630859375
      },
      "recall": {
        "mean": 9978.260879516602,
        "std": 65.21736145019531
      },
      "f1": {
        "mean": 9982.356491088867,
        "std": 52.93052673339844
      },
      "auroc": {
        "mean": 100.0,
        "std": 0.0
      }
    },
    "Ours (ViT-B + CLAdapter)": {
      "precision": {
        "mean": 10000.0,
        "std": 0.0
      },
      "recall": {
        "mean": 10000.0,
        "std": 0.0
      },
      "f1": {
        "mean": 10000.0,
        "std": 0.0
      },
      "auroc": {
        "mean": 100.0,
        "std": 0.0
      }
    }
  }
}